"S.No","Task id","Task Name","Status"
"1.3.1","E","Passed"
"1.3.1","n","Passed"
"1.3.1","s","Passed"
"1.3.1","u","Passed"
"1.3.1","r","Passed"
"1.3.1","e","Passed"
"1.3.1"," ","Passed"
"1.3.1","A","Passed"
"1.3.1","I","Passed"
"1.3.1","D","Passed"
"1.3.1","E","Passed"
"1.3.1"," ","Passed"
"1.3.1","i","Passed"
"1.3.1","s","Passed"
"1.3.1"," ","Passed"
"1.3.1","i","Passed"
"1.3.1","n","Passed"
"1.3.1","s","Passed"
"1.3.1","t","Passed"
"1.3.1","a","Passed"
"1.3.1","l","Passed"
"1.3.1","l","Passed"
"1.3.1","e","Passed"
"1.3.1","d","Passed"
